{
    "ood-FT_test_loss": 0.6760550737380981,
    "ood-FT": 69.16771752837326,
    "ood-FT_test_runtime": 2.0703,
    "ood-FT_test_samples_per_second": 2298.26,
    "ood-FT_test_steps_per_second": 71.972,
    "ood-FT_Precision": 0.6377785638486028,
    "ood-FT_recall": 0.802760463045414,
    "ood-FT_f1": 0.7108219988172678,
    "ood-FT_consistency": {
        "4": {
            "num_chains": 21,
            "consist_correct": 2,
            "consistency": 0.09523809523809523
        },
        "5": {
            "num_chains": 17,
            "consist_correct": 2,
            "consistency": 0.11764705882352941
        },
        "3": {
            "num_chains": 20,
            "consist_correct": 8,
            "consistency": 0.4
        },
        "7": {
            "num_chains": 14,
            "consist_correct": 2,
            "consistency": 0.14285714285714285
        },
        "2": {
            "num_chains": 15,
            "consist_correct": 3,
            "consistency": 0.2
        },
        "6": {
            "num_chains": 13,
            "consist_correct": 1,
            "consistency": 0.07692307692307693
        },
        "8": {
            "num_chains": 2,
            "consist_correct": 0,
            "consistency": 0.0
        },
        "overall": {
            "num_chains": 102,
            "consist_correct": 18,
            "consistency": 0.17647058823529413
        }
    },
    "ood-LP_test_loss": 0.677086591720581,
    "ood-LP": 58.15468684321144,
    "ood-LP_test_runtime": 2.0673,
    "ood-LP_test_samples_per_second": 2301.519,
    "ood-LP_test_steps_per_second": 72.074,
    "ood-LP_Precision": 0.5585668350941663,
    "ood-LP_recall": 0.5414069456812111,
    "ood-LP_f1": 0.5498530409224508,
    "ood-LP_consistency": {
        "4": {
            "num_chains": 21,
            "consist_correct": 2,
            "consistency": 0.09523809523809523
        },
        "5": {
            "num_chains": 17,
            "consist_correct": 1,
            "consistency": 0.058823529411764705
        },
        "3": {
            "num_chains": 20,
            "consist_correct": 3,
            "consistency": 0.15
        },
        "7": {
            "num_chains": 14,
            "consist_correct": 0,
            "consistency": 0.0
        },
        "2": {
            "num_chains": 15,
            "consist_correct": 2,
            "consistency": 0.13333333333333333
        },
        "6": {
            "num_chains": 13,
            "consist_correct": 1,
            "consistency": 0.07692307692307693
        },
        "8": {
            "num_chains": 2,
            "consist_correct": 0,
            "consistency": 0.0
        },
        "overall": {
            "num_chains": 102,
            "consist_correct": 9,
            "consistency": 0.08823529411764706
        }
    },
    "iid-FT_test_loss": 0.562685489654541,
    "iid-FT": 74.1067675493905,
    "iid-FT_test_runtime": 2.056,
    "iid-FT_test_samples_per_second": 2314.195,
    "iid-FT_test_steps_per_second": 72.471,
    "iid-FT_Precision": 0.692394578313253,
    "iid-FT_recall": 0.8158828748890861,
    "iid-FT_f1": 0.7490835030549898,
    "iid-LP_test_loss": 0.6518390774726868,
    "iid-LP": 61.60151324085751,
    "iid-LP_test_runtime": 2.1534,
    "iid-LP_test_samples_per_second": 2209.559,
    "iid-LP_test_steps_per_second": 69.194,
    "iid-LP_Precision": 0.6956920256645279,
    "iid-LP_recall": 0.336734693877551,
    "iid-LP_f1": 0.4538116591928251
}