{
    "ood-FT_test_loss": 0.506731390953064,
    "ood-FT": 73.37116435477091,
    "ood-FT_test_runtime": 60.9379,
    "ood-FT_test_samples_per_second": 78.079,
    "ood-FT_test_steps_per_second": 9.764,
    "ood-FT_Precision": 0.6647593402894648,
    "ood-FT_recall": 0.8793410507569012,
    "ood-FT_f1": 0.7571401188422465,
    "ood-FT_consistency": {
        "4": {
            "num_chains": 21,
            "consist_correct": 3,
            "consistency": 0.14285714285714285
        },
        "5": {
            "num_chains": 17,
            "consist_correct": 3,
            "consistency": 0.17647058823529413
        },
        "3": {
            "num_chains": 20,
            "consist_correct": 9,
            "consistency": 0.45
        },
        "7": {
            "num_chains": 14,
            "consist_correct": 4,
            "consistency": 0.2857142857142857
        },
        "2": {
            "num_chains": 15,
            "consist_correct": 1,
            "consistency": 0.06666666666666667
        },
        "6": {
            "num_chains": 13,
            "consist_correct": 2,
            "consistency": 0.15384615384615385
        },
        "8": {
            "num_chains": 2,
            "consist_correct": 0,
            "consistency": 0.0
        },
        "overall": {
            "num_chains": 102,
            "consist_correct": 22,
            "consistency": 0.21568627450980393
        }
    },
    "ood-LP_test_loss": 0.31101343035697937,
    "ood-LP": 69.67213114754098,
    "ood-LP_test_runtime": 64.1529,
    "ood-LP_test_samples_per_second": 74.167,
    "ood-LP_test_steps_per_second": 9.275,
    "ood-LP_Precision": 0.6469081595316502,
    "ood-LP_recall": 0.7871772039180766,
    "ood-LP_f1": 0.7101827676240209,
    "ood-LP_consistency": {
        "4": {
            "num_chains": 21,
            "consist_correct": 2,
            "consistency": 0.09523809523809523
        },
        "5": {
            "num_chains": 17,
            "consist_correct": 1,
            "consistency": 0.058823529411764705
        },
        "3": {
            "num_chains": 20,
            "consist_correct": 10,
            "consistency": 0.5
        },
        "7": {
            "num_chains": 14,
            "consist_correct": 4,
            "consistency": 0.2857142857142857
        },
        "2": {
            "num_chains": 15,
            "consist_correct": 3,
            "consistency": 0.2
        },
        "6": {
            "num_chains": 13,
            "consist_correct": 4,
            "consistency": 0.3076923076923077
        },
        "8": {
            "num_chains": 2,
            "consist_correct": 0,
            "consistency": 0.0
        },
        "overall": {
            "num_chains": 102,
            "consist_correct": 24,
            "consistency": 0.23529411764705882
        }
    }
}