{
    "ood-FT_test_loss": 14.6879301071167,
    "ood-FT": 22.99820926068048,
    "ood-FT_test_runtime": 86.4382,
    "ood-FT_test_samples_per_second": 45.223,
    "ood-FT_test_steps_per_second": 22.617,
    "ood-LP_test_loss": 3.0550262928009033,
    "ood-LP": 5.218726016884114,
    "ood-LP_test_runtime": 86.4519,
    "ood-LP_test_samples_per_second": 45.216,
    "ood-LP_test_steps_per_second": 22.614
}