{
    "ood-FT_test_loss": 0.5636280179023743,
    "ood-FT": 72.92980243799916,
    "ood-FT_test_runtime": 5.1857,
    "ood-FT_test_samples_per_second": 917.523,
    "ood-FT_test_steps_per_second": 28.733,
    "ood-FT_Precision": 0.7021097046413503,
    "ood-FT_recall": 0.7408726625111309,
    "ood-FT_f1": 0.7209705372616986,
    "ood-FT_consistency": {
        "4": {
            "num_chains": 21,
            "consist_correct": 3,
            "consistency": 0.14285714285714285
        },
        "5": {
            "num_chains": 17,
            "consist_correct": 1,
            "consistency": 0.058823529411764705
        },
        "3": {
            "num_chains": 20,
            "consist_correct": 7,
            "consistency": 0.35
        },
        "7": {
            "num_chains": 14,
            "consist_correct": 1,
            "consistency": 0.07142857142857142
        },
        "2": {
            "num_chains": 15,
            "consist_correct": 2,
            "consistency": 0.13333333333333333
        },
        "6": {
            "num_chains": 13,
            "consist_correct": 3,
            "consistency": 0.23076923076923078
        },
        "8": {
            "num_chains": 2,
            "consist_correct": 0,
            "consistency": 0.0
        },
        "overall": {
            "num_chains": 102,
            "consist_correct": 17,
            "consistency": 0.16666666666666666
        }
    },
    "ood-LP_test_loss": 0.6045477986335754,
    "ood-LP": 67.40226986128626,
    "ood-LP_test_runtime": 4.7689,
    "ood-LP_test_samples_per_second": 997.717,
    "ood-LP_test_steps_per_second": 31.244,
    "ood-LP_Precision": 0.6750629722921915,
    "ood-LP_recall": 0.5966162065894924,
    "ood-LP_f1": 0.6334199952729851,
    "ood-LP_consistency": {
        "4": {
            "num_chains": 21,
            "consist_correct": 2,
            "consistency": 0.09523809523809523
        },
        "5": {
            "num_chains": 17,
            "consist_correct": 1,
            "consistency": 0.058823529411764705
        },
        "3": {
            "num_chains": 20,
            "consist_correct": 5,
            "consistency": 0.25
        },
        "7": {
            "num_chains": 14,
            "consist_correct": 1,
            "consistency": 0.07142857142857142
        },
        "2": {
            "num_chains": 15,
            "consist_correct": 3,
            "consistency": 0.2
        },
        "6": {
            "num_chains": 13,
            "consist_correct": 2,
            "consistency": 0.15384615384615385
        },
        "8": {
            "num_chains": 2,
            "consist_correct": 0,
            "consistency": 0.0
        },
        "overall": {
            "num_chains": 102,
            "consist_correct": 14,
            "consistency": 0.13725490196078433
        }
    }
}