{
    "ood-FT_test_loss": 1.0377793312072754,
    "ood-FT": 73.37116435477091,
    "ood-FT_test_runtime": 9.4943,
    "ood-FT_test_samples_per_second": 501.145,
    "ood-FT_test_steps_per_second": 15.694,
    "ood-FT_Precision": 0.6805606787163408,
    "ood-FT_recall": 0.821460373998219,
    "ood-FT_f1": 0.744401855961267,
    "ood-FT_consistency": {
        "4": {
            "num_chains": 21,
            "consist_correct": 3,
            "consistency": 0.14285714285714285
        },
        "5": {
            "num_chains": 17,
            "consist_correct": 1,
            "consistency": 0.058823529411764705
        },
        "3": {
            "num_chains": 20,
            "consist_correct": 8,
            "consistency": 0.4
        },
        "7": {
            "num_chains": 14,
            "consist_correct": 3,
            "consistency": 0.21428571428571427
        },
        "2": {
            "num_chains": 15,
            "consist_correct": 1,
            "consistency": 0.06666666666666667
        },
        "6": {
            "num_chains": 13,
            "consist_correct": 2,
            "consistency": 0.15384615384615385
        },
        "8": {
            "num_chains": 2,
            "consist_correct": 0,
            "consistency": 0.0
        },
        "overall": {
            "num_chains": 102,
            "consist_correct": 18,
            "consistency": 0.17647058823529413
        }
    },
    "ood-LP_test_loss": 0.6306368112564087,
    "ood-LP": 66.8137873055906,
    "ood-LP_test_runtime": 9.2605,
    "ood-LP_test_samples_per_second": 513.798,
    "ood-LP_test_steps_per_second": 16.09,
    "ood-LP_Precision": 0.6611889801836636,
    "ood-LP_recall": 0.6090828138913624,
    "ood-LP_f1": 0.6340672074159908,
    "ood-LP_consistency": {
        "4": {
            "num_chains": 21,
            "consist_correct": 0,
            "consistency": 0.0
        },
        "5": {
            "num_chains": 17,
            "consist_correct": 2,
            "consistency": 0.11764705882352941
        },
        "3": {
            "num_chains": 20,
            "consist_correct": 2,
            "consistency": 0.1
        },
        "7": {
            "num_chains": 14,
            "consist_correct": 0,
            "consistency": 0.0
        },
        "2": {
            "num_chains": 15,
            "consist_correct": 1,
            "consistency": 0.06666666666666667
        },
        "6": {
            "num_chains": 13,
            "consist_correct": 1,
            "consistency": 0.07692307692307693
        },
        "8": {
            "num_chains": 2,
            "consist_correct": 0,
            "consistency": 0.0
        },
        "overall": {
            "num_chains": 102,
            "consist_correct": 6,
            "consistency": 0.058823529411764705
        }
    }
}