{
    "ood-FT_test_loss": 0.2746754586696625,
    "ood-FT": 75.1786464901219,
    "ood-FT_test_runtime": 59.9343,
    "ood-FT_test_samples_per_second": 79.387,
    "ood-FT_test_steps_per_second": 9.928,
    "ood-FT_Precision": 0.7117296222664016,
    "ood-FT_recall": 0.7969723953695459,
    "ood-FT_f1": 0.7519428691451376,
    "ood-FT_consistency": {
        "4": {
            "num_chains": 21,
            "consist_correct": 3,
            "consistency": 0.14285714285714285
        },
        "5": {
            "num_chains": 17,
            "consist_correct": 1,
            "consistency": 0.058823529411764705
        },
        "3": {
            "num_chains": 20,
            "consist_correct": 5,
            "consistency": 0.25
        },
        "7": {
            "num_chains": 14,
            "consist_correct": 3,
            "consistency": 0.21428571428571427
        },
        "2": {
            "num_chains": 15,
            "consist_correct": 1,
            "consistency": 0.06666666666666667
        },
        "6": {
            "num_chains": 13,
            "consist_correct": 2,
            "consistency": 0.15384615384615385
        },
        "8": {
            "num_chains": 2,
            "consist_correct": 0,
            "consistency": 0.0
        },
        "overall": {
            "num_chains": 102,
            "consist_correct": 15,
            "consistency": 0.14705882352941177
        }
    },
    "ood-LP_test_loss": 0.3130125105381012,
    "ood-LP": 69.33585540142917,
    "ood-LP_test_runtime": 61.7138,
    "ood-LP_test_samples_per_second": 77.098,
    "ood-LP_test_steps_per_second": 9.641,
    "ood-LP_Precision": 0.6469929025028016,
    "ood-LP_recall": 0.7711487088156723,
    "ood-LP_f1": 0.7036359943124112,
    "ood-LP_consistency": {
        "4": {
            "num_chains": 21,
            "consist_correct": 2,
            "consistency": 0.09523809523809523
        },
        "5": {
            "num_chains": 17,
            "consist_correct": 1,
            "consistency": 0.058823529411764705
        },
        "3": {
            "num_chains": 20,
            "consist_correct": 10,
            "consistency": 0.5
        },
        "7": {
            "num_chains": 14,
            "consist_correct": 4,
            "consistency": 0.2857142857142857
        },
        "2": {
            "num_chains": 15,
            "consist_correct": 3,
            "consistency": 0.2
        },
        "6": {
            "num_chains": 13,
            "consist_correct": 4,
            "consistency": 0.3076923076923077
        },
        "8": {
            "num_chains": 2,
            "consist_correct": 0,
            "consistency": 0.0
        },
        "overall": {
            "num_chains": 102,
            "consist_correct": 24,
            "consistency": 0.23529411764705882
        }
    }
}