{
    "ood-FT_test_loss": 1.7375059127807617,
    "ood-FT": 47.001689189189186,
    "ood-FT_test_runtime": 5.6422,
    "ood-FT_test_samples_per_second": 419.694,
    "ood-FT_test_steps_per_second": 209.847,
    "ood-LP_test_loss": 1.3723881244659424,
    "ood-LP": 32.72804054054054,
    "ood-LP_test_runtime": 5.2496,
    "ood-LP_test_samples_per_second": 451.082,
    "ood-LP_test_steps_per_second": 225.541
}