{
    "ood-FT_test_loss": 1.3686357736587524,
    "ood-FT": 54.51858108108109,
    "ood-FT_test_runtime": 75.2754,
    "ood-FT_test_samples_per_second": 31.458,
    "ood-FT_test_steps_per_second": 15.729,
    "ood-LP_test_loss": 1.4035694599151611,
    "ood-LP": 25.633445945945947,
    "ood-LP_test_runtime": 66.0792,
    "ood-LP_test_samples_per_second": 35.836,
    "ood-LP_test_steps_per_second": 17.918
}