{
    "ood-FT_test_loss": 3.866208791732788,
    "ood-FT": 54.43412162162162,
    "ood-FT_test_runtime": 261.9448,
    "ood-FT_test_samples_per_second": 9.04,
    "ood-FT_test_steps_per_second": 4.52,
    "ood-LP_test_loss": 1.3759516477584839,
    "ood-LP": 32.17905405405405,
    "ood-LP_test_runtime": 263.3853,
    "ood-LP_test_samples_per_second": 8.991,
    "ood-LP_test_steps_per_second": 4.495
}