{
    "ood-FT_test_loss": 6.305521011352539,
    "ood-FT": 20.260936300844207,
    "ood-FT_test_runtime": 39.0549,
    "ood-FT_test_samples_per_second": 100.09,
    "ood-FT_test_steps_per_second": 50.058,
    "ood-LP_test_loss": 2.922724962234497,
    "ood-LP": 13.072397032489128,
    "ood-LP_test_runtime": 30.1848,
    "ood-LP_test_samples_per_second": 129.502,
    "ood-LP_test_steps_per_second": 64.768
}