{
    "ood-FT_test_loss": 7.8600897789001465,
    "ood-FT": 28.702993092862624,
    "ood-FT_test_runtime": 77.4893,
    "ood-FT_test_samples_per_second": 50.446,
    "ood-FT_test_steps_per_second": 25.229,
    "ood-LP_test_loss": 2.791020631790161,
    "ood-LP": 16.500383729854182,
    "ood-LP_test_runtime": 75.0091,
    "ood-LP_test_samples_per_second": 52.114,
    "ood-LP_test_steps_per_second": 26.064
}