{
    "ood-FT_test_loss": 11.37332534790039,
    "ood-FT": 22.15400358147864,
    "ood-FT_test_runtime": 161.7098,
    "ood-FT_test_samples_per_second": 24.173,
    "ood-FT_test_steps_per_second": 12.09,
    "ood-LP_test_loss": 3.060248613357544,
    "ood-LP": 4.0163724737784605,
    "ood-LP_test_runtime": 160.7973,
    "ood-LP_test_samples_per_second": 24.31,
    "ood-LP_test_steps_per_second": 12.158
}