{
    "ood-FT_test_loss": 13.665380477905273,
    "ood-FT": 0.0,
    "ood-FT_test_runtime": 49.8622,
    "ood-FT_test_samples_per_second": 78.396,
    "ood-FT_test_steps_per_second": 19.614,
    "ood-LP_test_loss": 1.5347315073013306,
    "ood-LP": 5.193144026605269,
    "ood-LP_test_runtime": 56.3126,
    "ood-LP_test_samples_per_second": 69.416,
    "ood-LP_test_steps_per_second": 17.367,
    "iid-FT_test_loss": 1.2786740064620972,
    "iid-FT": 50.60117677155282,
    "iid-FT_test_runtime": 55.6204,
    "iid-FT_test_samples_per_second": 70.28,
    "iid-FT_test_steps_per_second": 17.583,
    "iid-LP_test_loss": 1.5405992269515991,
    "iid-LP": 5.039652084932208,
    "iid-LP_test_runtime": 54.637,
    "iid-LP_test_samples_per_second": 71.545,
    "iid-LP_test_steps_per_second": 17.9
}