{
    "ood-FT_test_loss": 3.3763067722320557,
    "ood-FT": 30.95420823740087,
    "ood-FT_test_runtime": 116.6753,
    "ood-FT_test_samples_per_second": 33.503,
    "ood-FT_test_steps_per_second": 8.382,
    "ood-LP_test_loss": 1.538414478302002,
    "ood-LP": 4.70708621130724,
    "ood-LP_test_runtime": 113.5309,
    "ood-LP_test_samples_per_second": 34.431,
    "ood-LP_test_steps_per_second": 8.614
}