{
    "ood-FT_test_loss": 1.4843934774398804,
    "ood-FT": 10.079304169864416,
    "ood-FT_test_runtime": 33.0156,
    "ood-FT_test_samples_per_second": 118.399,
    "ood-FT_test_steps_per_second": 29.622,
    "ood-LP_test_loss": 3.9958205223083496,
    "ood-LP": 4.834996162701458,
    "ood-LP_test_runtime": 33.4269,
    "ood-LP_test_samples_per_second": 116.942,
    "ood-LP_test_steps_per_second": 29.258
}