{
    "ood-FT_test_loss": 3.213789224624634,
    "ood-FT": 50.7179054054054,
    "ood-FT_test_runtime": 48.4304,
    "ood-FT_test_samples_per_second": 48.895,
    "ood-FT_test_steps_per_second": 24.447,
    "ood-LP_test_loss": 1.3580156564712524,
    "ood-LP": 35.43074324324324,
    "ood-LP_test_runtime": 48.6761,
    "ood-LP_test_samples_per_second": 48.648,
    "ood-LP_test_steps_per_second": 24.324
}