{
    "ood-LP_test_loss": 1.3775107860565186,
    "ood-LP": 32.8125,
    "ood-LP_test_runtime": 130.922,
    "ood-LP_test_samples_per_second": 18.087,
    "ood-LP_test_steps_per_second": 9.044,
    "ood-FT_test_loss": 4.734273433685303,
    "ood-FT": 53.420608108108105,
    "ood-FT_test_runtime": 132.0377,
    "ood-FT_test_samples_per_second": 17.934,
    "ood-FT_test_steps_per_second": 8.967
}