{
    "ood-FT_test_loss": 0.736489474773407,
    "ood-FT": 43.454391891891895,
    "ood-FT_test_runtime": 19.3529,
    "ood-FT_test_samples_per_second": 122.359,
    "ood-FT_test_steps_per_second": 30.59,
    "ood-LP_test_loss": 0.8174541592597961,
    "ood-LP": 25.717905405405407,
    "ood-LP_test_runtime": 19.1506,
    "ood-LP_test_samples_per_second": 123.651,
    "ood-LP_test_steps_per_second": 30.913
}