{
    "ood-FT_test_loss": 7.064590930938721,
    "ood-FT": 30.186748529035555,
    "ood-FT_test_runtime": 77.7312,
    "ood-FT_test_samples_per_second": 50.289,
    "ood-FT_test_steps_per_second": 25.151,
    "ood-LP_test_loss": 2.789792537689209,
    "ood-LP": 16.88411358403684,
    "ood-LP_test_runtime": 75.3935,
    "ood-LP_test_samples_per_second": 51.848,
    "ood-LP_test_steps_per_second": 25.931
}