{
    "ood-FT_test_loss": 1.3985567092895508,
    "ood-FT": 17.574827321565618,
    "ood-FT_test_runtime": 33.3702,
    "ood-FT_test_samples_per_second": 117.14,
    "ood-FT_test_steps_per_second": 29.308,
    "ood-LP_test_loss": 1.5279896259307861,
    "ood-LP": 4.758250191864928,
    "ood-LP_test_runtime": 32.2425,
    "ood-LP_test_samples_per_second": 121.237,
    "ood-LP_test_steps_per_second": 30.333
}