{
    "ood-FT_test_loss": 1.9745062589645386,
    "ood-FT": 49.83108108108108,
    "ood-FT_test_runtime": 8.638,
    "ood-FT_test_samples_per_second": 274.139,
    "ood-FT_test_steps_per_second": 137.069,
    "ood-LP_test_loss": 1.3728492259979248,
    "ood-LP": 31.12331081081081,
    "ood-LP_test_runtime": 8.6209,
    "ood-LP_test_samples_per_second": 274.681,
    "ood-LP_test_steps_per_second": 137.341
}