{
    "ood-FT_test_loss": 1.3168388605117798,
    "ood-FT": 54.85641891891891,
    "ood-FT_test_runtime": 65.6854,
    "ood-FT_test_samples_per_second": 36.051,
    "ood-FT_test_steps_per_second": 18.025,
    "ood-LP_test_loss": 1.3820087909698486,
    "ood-LP": 29.138513513513516,
    "ood-LP_test_runtime": 65.8831,
    "ood-LP_test_samples_per_second": 35.942,
    "ood-LP_test_steps_per_second": 17.971
}