{
    "ood-FT_test_loss": 4.26362419128418,
    "ood-FT": 54.43412162162162,
    "ood-FT_test_runtime": 263.5591,
    "ood-FT_test_samples_per_second": 8.985,
    "ood-FT_test_steps_per_second": 4.492,
    "ood-LP_test_loss": 1.3849273920059204,
    "ood-LP": 29.94087837837838,
    "ood-LP_test_runtime": 263.7534,
    "ood-LP_test_samples_per_second": 8.978,
    "ood-LP_test_steps_per_second": 4.489
}