{
    "ood-LP_test_loss": 1.3751780986785889,
    "ood-LP": 33.74155405405405,
    "ood-LP_test_runtime": 130.2344,
    "ood-LP_test_samples_per_second": 18.183,
    "ood-LP_test_steps_per_second": 9.091,
    "ood-FT_test_loss": 3.799485445022583,
    "ood-FT": 53.58952702702703,
    "ood-FT_test_runtime": 132.5938,
    "ood-FT_test_samples_per_second": 17.859,
    "ood-FT_test_steps_per_second": 8.93
}