{
    "ood-FT_test_loss": 0.7417253851890564,
    "ood-FT": 45.016891891891895,
    "ood-FT_test_runtime": 19.7446,
    "ood-FT_test_samples_per_second": 119.932,
    "ood-FT_test_steps_per_second": 29.983,
    "ood-LP_test_loss": 0.8303267359733582,
    "ood-LP": 24.87331081081081,
    "ood-LP_test_runtime": 19.4175,
    "ood-LP_test_samples_per_second": 121.952,
    "ood-LP_test_steps_per_second": 30.488
}