{
    "ood-FT_test_loss": 0.8684877157211304,
    "ood-FT": 67.80159730979403,
    "ood-FT_test_runtime": 4.0259,
    "ood-FT_test_samples_per_second": 1181.851,
    "ood-FT_test_steps_per_second": 37.01,
    "ood-FT_Precision": 0.6127605811749842,
    "ood-FT_recall": 0.8637577916295637,
    "ood-FT_f1": 0.7169253510716925,
    "ood-FT_consistency": {
        "4": {
            "num_chains": 21,
            "consist_correct": 1,
            "consistency": 0.047619047619047616
        },
        "5": {
            "num_chains": 17,
            "consist_correct": 1,
            "consistency": 0.058823529411764705
        },
        "3": {
            "num_chains": 20,
            "consist_correct": 12,
            "consistency": 0.6
        },
        "7": {
            "num_chains": 14,
            "consist_correct": 3,
            "consistency": 0.21428571428571427
        },
        "2": {
            "num_chains": 15,
            "consist_correct": 2,
            "consistency": 0.13333333333333333
        },
        "6": {
            "num_chains": 13,
            "consist_correct": 2,
            "consistency": 0.15384615384615385
        },
        "8": {
            "num_chains": 2,
            "consist_correct": 0,
            "consistency": 0.0
        },
        "overall": {
            "num_chains": 102,
            "consist_correct": 21,
            "consistency": 0.20588235294117646
        }
    },
    "ood-LP_test_loss": 0.6633480191230774,
    "ood-LP": 61.60151324085751,
    "ood-LP_test_runtime": 4.021,
    "ood-LP_test_samples_per_second": 1183.277,
    "ood-LP_test_steps_per_second": 37.055,
    "ood-LP_Precision": 0.6174985978687605,
    "ood-LP_recall": 0.4902048085485307,
    "ood-LP_f1": 0.5465376023827252,
    "ood-LP_consistency": {
        "4": {
            "num_chains": 21,
            "consist_correct": 2,
            "consistency": 0.09523809523809523
        },
        "5": {
            "num_chains": 17,
            "consist_correct": 0,
            "consistency": 0.0
        },
        "3": {
            "num_chains": 20,
            "consist_correct": 6,
            "consistency": 0.3
        },
        "7": {
            "num_chains": 14,
            "consist_correct": 1,
            "consistency": 0.07142857142857142
        },
        "2": {
            "num_chains": 15,
            "consist_correct": 6,
            "consistency": 0.4
        },
        "6": {
            "num_chains": 13,
            "consist_correct": 1,
            "consistency": 0.07692307692307693
        },
        "8": {
            "num_chains": 2,
            "consist_correct": 0,
            "consistency": 0.0
        },
        "overall": {
            "num_chains": 102,
            "consist_correct": 16,
            "consistency": 0.1568627450980392
        }
    }
}