{
    "ood-FT_test_loss": 0.32861533761024475,
    "ood-FT": 72.61454392601934,
    "ood-FT_test_runtime": 37.3064,
    "ood-FT_test_samples_per_second": 127.538,
    "ood-FT_test_steps_per_second": 15.949,
    "ood-FT_Precision": 0.6726473819113877,
    "ood-FT_recall": 0.8178984861976848,
    "ood-FT_f1": 0.7381957002210167,
    "ood-FT_consistency": {
        "4": {
            "num_chains": 21,
            "consist_correct": 3,
            "consistency": 0.14285714285714285
        },
        "5": {
            "num_chains": 17,
            "consist_correct": 4,
            "consistency": 0.23529411764705882
        },
        "3": {
            "num_chains": 20,
            "consist_correct": 10,
            "consistency": 0.5
        },
        "7": {
            "num_chains": 14,
            "consist_correct": 3,
            "consistency": 0.21428571428571427
        },
        "2": {
            "num_chains": 15,
            "consist_correct": 3,
            "consistency": 0.2
        },
        "6": {
            "num_chains": 13,
            "consist_correct": 1,
            "consistency": 0.07692307692307693
        },
        "8": {
            "num_chains": 2,
            "consist_correct": 0,
            "consistency": 0.0
        },
        "overall": {
            "num_chains": 102,
            "consist_correct": 24,
            "consistency": 0.23529411764705882
        }
    },
    "ood-LP_test_loss": 0.3167305886745453,
    "ood-LP": 67.29718369062631,
    "ood-LP_test_runtime": 37.6678,
    "ood-LP_test_samples_per_second": 126.315,
    "ood-LP_test_steps_per_second": 15.796,
    "ood-LP_Precision": 0.6208829712683952,
    "ood-LP_recall": 0.7889581478183437,
    "ood-LP_f1": 0.6949019607843138,
    "ood-LP_consistency": {
        "4": {
            "num_chains": 21,
            "consist_correct": 2,
            "consistency": 0.09523809523809523
        },
        "5": {
            "num_chains": 17,
            "consist_correct": 0,
            "consistency": 0.0
        },
        "3": {
            "num_chains": 20,
            "consist_correct": 7,
            "consistency": 0.35
        },
        "7": {
            "num_chains": 14,
            "consist_correct": 3,
            "consistency": 0.21428571428571427
        },
        "2": {
            "num_chains": 15,
            "consist_correct": 2,
            "consistency": 0.13333333333333333
        },
        "6": {
            "num_chains": 13,
            "consist_correct": 4,
            "consistency": 0.3076923076923077
        },
        "8": {
            "num_chains": 2,
            "consist_correct": 0,
            "consistency": 0.0
        },
        "overall": {
            "num_chains": 102,
            "consist_correct": 18,
            "consistency": 0.17647058823529413
        }
    },
    "iid-FT_test_loss": 0.32509085536003113,
    "iid-FT": 77.8478352248844,
    "iid-FT_test_runtime": 37.1266,
    "iid-FT_test_samples_per_second": 128.156,
    "iid-FT_test_steps_per_second": 16.026,
    "iid-FT_Precision": 0.7521008403361344,
    "iid-FT_recall": 0.7941437444543035,
    "iid-FT_f1": 0.7725507121277514,
    "iid-LP_test_loss": 0.30786871910095215,
    "iid-LP": 68.78940731399747,
    "iid-LP_test_runtime": 37.3813,
    "iid-LP_test_samples_per_second": 127.283,
    "iid-LP_test_steps_per_second": 15.917,
    "iid-LP_Precision": 0.6404822798684692,
    "iid-LP_recall": 0.7777284826974268,
    "iid-LP_f1": 0.7024644359847726
}