{
    "all": {
        "hard": {
            "total": 3909.0000000001,
            "topk": {
                "1": 7.111793297518365,
                "2": 13.302634944998381,
                "3": 18.546942952161203,
                "4": 24.379636735737417,
                "5": 29.470452801227182,
                "6": 34.663596827832315,
                "7": 39.856740854437454,
                "8": 45.28012279355218,
                "9": 50.57559478127269,
                "10": 55.97339473010857
            },
            "mrr": 0.2083114994760551
        },
        "easy": {
            "total": 1e-10,
            "topk": {},
            "mrr": 0.0
        }
    },
    "e1": {
        "hard": {
            "total": 3909.0000000001,
            "topk": {
                "1": 14.351496546430944,
                "2": 24.32847275517973,
                "3": 32.41238168329413,
                "4": 39.62650294192787,
                "5": 45.56152468661946,
                "6": 51.44538245075335,
                "7": 56.612944487079645,
                "8": 61.11537477615602,
                "9": 65.9759529291362,
                "10": 70.06907137375109
            },
            "mrr": 0.30296811392769185
        },
        "easy": {
            "total": 1e-10,
            "topk": {},
            "mrr": 0.0
        }
    },
    "e2": {
        "hard": {
            "total": 3909.0000000001,
            "topk": {
                "1": 5.014070094653236,
                "2": 9.465336403171925,
                "3": 13.86543873113293,
                "4": 18.44461499104583,
                "5": 22.844717319006836,
                "6": 27.705295471987014,
                "7": 33.10309542082289,
                "8": 37.91250959324539,
                "9": 43.59171143514854,
                "10": 48.19646968534029
            },
            "mrr": 0.1741303066066776
        },
        "easy": {
            "total": 1e-10,
            "topk": {},
            "mrr": 0.0
        }
    }
}