{
    "all": {
        "hard": {
            "total": 3909.0000000001,
            "topk": {
                "1": 11.28165771296978,
                "2": 19.8516244563822,
                "3": 28.089025326169658,
                "4": 35.405474545918764,
                "5": 40.75211051419696,
                "6": 45.9452545408021,
                "7": 51.470964441032194,
                "8": 56.15246866206047,
                "9": 60.32233307751189,
                "10": 64.44103351240562
            },
            "mrr": 0.2672458314045953
        },
        "easy": {
            "total": 1e-10,
            "topk": {},
            "mrr": 0.0
        }
    },
    "e1": {
        "hard": {
            "total": 3909.0000000001,
            "topk": {
                "1": 20.28651829112253,
                "2": 31.030954208236604,
                "3": 39.907904834995136,
                "4": 47.65924788948458,
                "5": 54.7454591967241,
                "6": 60.680480941415695,
                "7": 66.10386288053041,
                "8": 70.14581734458761,
                "9": 74.4691737017121,
                "10": 78.12739831158663
            },
            "mrr": 0.36624004943840377
        },
        "easy": {
            "total": 1e-10,
            "topk": {},
            "mrr": 0.0
        }
    },
    "e2": {
        "hard": {
            "total": 3909.0000000001,
            "topk": {
                "1": 7.4955231517010095,
                "2": 14.402660526988631,
                "3": 20.28651829112253,
                "4": 25.914556152468,
                "5": 31.05653619851545,
                "6": 35.30314658480339,
                "7": 39.421847019697125,
                "8": 43.89869531849466,
                "9": 49.04067536454211,
                "10": 53.18495778971468
            },
            "mrr": 0.2128106491700264
        },
        "easy": {
            "total": 1e-10,
            "topk": {},
            "mrr": 0.0
        }
    }
}