{
    "all": {
        "hard": {
            "total": 3909.0000000001,
            "topk": {
                "1": 8.109490918393243,
                "2": 14.504988488104004,
                "3": 21.13072397032435,
                "4": 26.656433870554448,
                "5": 32.61703760552487,
                "6": 38.32182143770687,
                "7": 43.48938347403317,
                "8": 48.759273471474835,
                "9": 53.46635968278195,
                "10": 57.86646201074296
            },
            "mrr": 0.2224764880111861
        },
        "easy": {
            "total": 1e-10,
            "topk": {},
            "mrr": 0.0
        }
    },
    "e1": {
        "hard": {
            "total": 3909.0000000001,
            "topk": {
                "1": 15.042210283959706,
                "2": 26.605269889996762,
                "3": 35.43105653619761,
                "4": 43.131235610129366,
                "5": 49.65464313123434,
                "6": 54.540803274493356,
                "7": 58.940905602454364,
                "8": 63.52008186236726,
                "9": 67.56203632642446,
                "10": 71.2714249168567
            },
            "mrr": 0.31813792030001586
        },
        "easy": {
            "total": 1e-10,
            "topk": {},
            "mrr": 0.0
        }
    },
    "e2": {
        "hard": {
            "total": 3909.0000000001,
            "topk": {
                "1": 6.523407521104975,
                "2": 12.35610130468119,
                "3": 16.602711690969134,
                "4": 21.46328984394931,
                "5": 26.298286006650645,
                "6": 31.619339984649997,
                "7": 36.88922998209166,
                "8": 41.442824251725725,
                "9": 45.81734458940788,
                "10": 50.49884881043616
            },
            "mrr": 0.19465795916006132
        },
        "easy": {
            "total": 1e-10,
            "topk": {},
            "mrr": 0.0
        }
    }
}