{
    "all": {
        "hard": {
            "total": 3909.0000000001,
            "topk": {
                "1": 13.353798925556065,
                "2": 23.970324891275926,
                "3": 32.054233819390326,
                "4": 39.47301100025481,
                "5": 45.53594269634061,
                "6": 50.78025070350344,
                "7": 55.129189050906746,
                "8": 59.60603734970428,
                "9": 64.00613967766529,
                "10": 67.84343821949173
            },
            "mrr": 0.2954083911449121
        },
        "easy": {
            "total": 1e-10,
            "topk": {},
            "mrr": 0.0
        }
    },
    "e1": {
        "hard": {
            "total": 3909.0000000001,
            "topk": {
                "1": 22.256331542593443,
                "2": 33.589153236120914,
                "3": 42.15911997953333,
                "4": 49.24533128677285,
                "5": 55.25709900230097,
                "6": 60.60373497057916,
                "7": 65.18291123049207,
                "8": 69.37835763622232,
                "9": 73.11332821693341,
                "10": 77.35993860322135
            },
            "mrr": 0.3825230289350532
        },
        "easy": {
            "total": 1e-10,
            "topk": {},
            "mrr": 0.0
        }
    },
    "e2": {
        "hard": {
            "total": 3909.0000000001,
            "topk": {
                "1": 8.211818879508616,
                "2": 15.272448196469293,
                "3": 21.565617805064683,
                "4": 27.142491685852466,
                "5": 32.540291634688344,
                "6": 37.989255564081915,
                "7": 42.4405218726006,
                "8": 46.6615502686097,
                "9": 50.95932463545534,
                "10": 55.180353031464435
            },
            "mrr": 0.22244716293303296
        },
        "easy": {
            "total": 1e-10,
            "topk": {},
            "mrr": 0.0
        }
    }
}