{
    "all": {
        "hard": {
            "total": 3909.0000000001,
            "topk": {
                "1": 9.976976208748784,
                "2": 17.19109746738252,
                "3": 24.379636735737417,
                "4": 30.851880276284703,
                "5": 37.06830391404357,
                "6": 42.977743668456306,
                "7": 48.09414172422491,
                "8": 53.03146584804163,
                "9": 57.63622409823337,
                "10": 62.1130723970309
            },
            "mrr": 0.24705343482302078
        },
        "easy": {
            "total": 1e-10,
            "topk": {},
            "mrr": 0.0
        }
    },
    "e1": {
        "hard": {
            "total": 3909.0000000001,
            "topk": {
                "1": 16.75620363264219,
                "2": 27.961115374775442,
                "3": 36.88922998209166,
                "4": 44.66615502685995,
                "5": 50.345356868763105,
                "6": 55.717574827320135,
                "7": 61.06421079559834,
                "8": 65.48989511383819,
                "9": 69.53184957789537,
                "10": 73.85520593501985
            },
            "mrr": 0.3332100568086615
        },
        "easy": {
            "total": 1e-10,
            "topk": {},
            "mrr": 0.0
        }
    },
    "e2": {
        "hard": {
            "total": 3909.0000000001,
            "topk": {
                "1": 7.1629572780760515,
                "2": 13.302634944998381,
                "3": 18.112049117420874,
                "4": 22.81913532872799,
                "5": 27.475057559477424,
                "6": 32.59145561524603,
                "7": 37.938091583524226,
                "8": 42.64517779483135,
                "9": 47.07086211307119,
                "10": 52.315170120234015
            },
            "mrr": 0.20340657049371047
        },
        "easy": {
            "total": 1e-10,
            "topk": {},
            "mrr": 0.0
        }
    }
}