{
    "all": {
        "hard": {
            "total": 3909.0000000001,
            "topk": {
                "1": 7.853671015604813,
                "2": 14.146840624200202,
                "3": 19.391148631363023,
                "4": 24.968022512150807,
                "5": 30.033256587361727,
                "6": 35.04732668201496,
                "7": 41.05909439754308,
                "8": 46.73829623944623,
                "9": 51.54771041186872,
                "10": 56.664108467637334
            },
            "mrr": 0.21541461805002335
        },
        "easy": {
            "total": 1e-10,
            "topk": {},
            "mrr": 0.0
        }
    },
    "e1": {
        "hard": {
            "total": 3909.0000000001,
            "topk": {
                "1": 2.558199027884304,
                "2": 5.909439754412742,
                "3": 9.00486057815275,
                "4": 11.256075722690937,
                "5": 13.660782808902184,
                "6": 16.346891788180702,
                "7": 19.826042466103356,
                "8": 22.66564338705493,
                "9": 25.863392171910316,
                "10": 29.496034791506027
            },
            "mrr": 0.12418152453201337
        },
        "easy": {
            "total": 1e-10,
            "topk": {},
            "mrr": 0.0
        }
    },
    "e2": {
        "hard": {
            "total": 3909.0000000001,
            "topk": {
                "1": 6.600153491941504,
                "2": 12.27935533384466,
                "3": 17.34458940905558,
                "4": 21.514453824506997,
                "5": 26.400613967766017,
                "6": 30.775134305448177,
                "7": 35.37989255563993,
                "8": 40.419544640572,
                "9": 45.305704783831025,
                "10": 50.78025070350344
            },
            "mrr": 0.19501215851757364
        },
        "easy": {
            "total": 1e-10,
            "topk": {},
            "mrr": 0.0
        }
    }
}