{
    "all": {
        "hard": {
            "total": 3909.0000000001,
            "topk": {
                "1": 10.488616014325645,
                "2": 18.700434893834263,
                "3": 26.19595804553527,
                "4": 32.5147096444095,
                "5": 38.14274750575497,
                "6": 44.256843182398455,
                "7": 49.27091327705169,
                "8": 54.15707342031072,
                "9": 59.196725505242796,
                "10": 63.41775390125189
            },
            "mrr": 0.255640457247513
        },
        "easy": {
            "total": 1e-10,
            "topk": {},
            "mrr": 0.0
        }
    },
    "e1": {
        "hard": {
            "total": 3909.0000000001,
            "topk": {
                "1": 3.7349705807110842,
                "2": 6.728063443335719,
                "3": 10.411870043489117,
                "4": 14.786390381171277,
                "5": 18.905090816065005,
                "6": 23.791250959324024,
                "7": 28.498337170631142,
                "8": 32.82169352775562,
                "9": 37.27295983627431,
                "10": 41.95446405730258
            },
            "mrr": 0.15011427744450986
        },
        "easy": {
            "total": 1e-10,
            "topk": {},
            "mrr": 0.0
        }
    },
    "e2": {
        "hard": {
            "total": 3909.0000000001,
            "topk": {
                "1": 8.569966743412419,
                "2": 15.553850089536567,
                "3": 21.28421591199741,
                "4": 27.014581734458247,
                "5": 32.13097979022686,
                "6": 37.145049884880095,
                "7": 41.62189818367762,
                "8": 46.277820414427055,
                "9": 51.21514453824376,
                "10": 55.35942696341634
            },
            "mrr": 0.2239703124251465
        },
        "easy": {
            "total": 1e-10,
            "topk": {},
            "mrr": 0.0
        }
    }
}