{
    "all": {
        "hard": {
            "total": 3909.0000000001,
            "topk": {
                "1": 11.307239703248623,
                "2": 19.62138654387261,
                "3": 26.733179841390974,
                "4": 33.23100537221711,
                "5": 39.5241749808125,
                "6": 45.254540803273336,
                "7": 50.396520849320794,
                "8": 54.97569710923369,
                "9": 59.60603734970428,
                "10": 64.1340496290595
            },
            "mrr": 0.26358293956747414
        },
        "easy": {
            "total": 1e-10,
            "topk": {},
            "mrr": 0.0
        }
    },
    "e1": {
        "hard": {
            "total": 3909.0000000001,
            "topk": {
                "1": 4.553594269634061,
                "2": 7.546687132258696,
                "3": 11.153747761575564,
                "4": 14.351496546430944,
                "5": 18.16321309797856,
                "6": 22.333077513429973,
                "7": 26.119212074698744,
                "8": 30.314658480429003,
                "9": 34.714760808390004,
                "10": 39.54975697109134
            },
            "mrr": 0.15274326049952755
        },
        "easy": {
            "total": 1e-10,
            "topk": {},
            "mrr": 0.0
        }
    },
    "e2": {
        "hard": {
            "total": 3909.0000000001,
            "topk": {
                "1": 9.030442568431592,
                "2": 15.937579943719212,
                "3": 22.435405474545345,
                "4": 27.526221540035113,
                "5": 32.77052954719794,
                "6": 37.426451777947364,
                "7": 42.05679201841795,
                "8": 47.275518035301936,
                "9": 51.75236633409946,
                "10": 56.20363264261816
            },
            "mrr": 0.2290049343772955
        },
        "easy": {
            "total": 1e-10,
            "topk": {},
            "mrr": 0.0
        }
    }
}