{
    "all": {
        "hard": {
            "total": 3909.0000000001,
            "topk": {
                "1": 11.742133537988956,
                "2": 21.20746994116088,
                "3": 28.575083141467676,
                "4": 35.17523663340918,
                "5": 41.39166027116804,
                "6": 47.019698132513504,
                "7": 51.93144026605137,
                "8": 56.63852647735849,
                "9": 61.32003069838676,
                "10": 65.36198516244397
            },
            "mrr": 0.2729691867783467
        },
        "easy": {
            "total": 1e-10,
            "topk": {},
            "mrr": 0.0
        }
    },
    "e1": {
        "hard": {
            "total": 3909.0000000001,
            "topk": {
                "1": 3.914044512662985,
                "2": 6.548989511383818,
                "3": 10.335124072652588,
                "4": 14.47940649782516,
                "5": 18.239959068815086,
                "6": 22.74238935789146,
                "7": 27.142491685852466,
                "8": 31.41468406241925,
                "9": 35.30314658480339,
                "10": 39.72883090304324
            },
            "mrr": 0.14780579866152224
        },
        "easy": {
            "total": 1e-10,
            "topk": {},
            "mrr": 0.0
        }
    },
    "e2": {
        "hard": {
            "total": 3909.0000000001,
            "topk": {
                "1": 9.567664364287296,
                "2": 16.960859554872933,
                "3": 22.998209260679893,
                "4": 28.34484522895809,
                "5": 33.921719109745865,
                "6": 38.24507546687034,
                "7": 43.361473522638946,
                "8": 48.09414172422491,
                "9": 52.161678178560955,
                "10": 56.76643642875271
            },
            "mrr": 0.23568827745046556
        },
        "easy": {
            "total": 1e-10,
            "topk": {},
            "mrr": 0.0
        }
    }
}