{
    "all": {
        "hard": {
            "total": 3909.0000000001,
            "topk": {
                "1": 7.930416986441342,
                "2": 15.016628293680863,
                "3": 21.335379892555096,
                "4": 27.244819646967837,
                "5": 32.43796367357297,
                "6": 37.682271680735795,
                "7": 43.566129444869695,
                "8": 48.170887695061445,
                "9": 52.5454080327436,
                "10": 58.12228191353138
            },
            "mrr": 0.22231363673991364
        },
        "easy": {
            "total": 1e-10,
            "topk": {},
            "mrr": 0.0
        }
    },
    "e1": {
        "hard": {
            "total": 3909.0000000001,
            "topk": {
                "1": 2.8651829112304203,
                "2": 5.500127909951254,
                "3": 8.569966743412419,
                "4": 11.383985674085153,
                "5": 13.788692760296398,
                "6": 17.139933486824837,
                "7": 19.800460475824515,
                "8": 22.588897416218405,
                "9": 25.58199027884304,
                "10": 28.651829112304206
            },
            "mrr": 0.1247552352548736
        },
        "easy": {
            "total": 1e-10,
            "topk": {},
            "mrr": 0.0
        }
    },
    "e2": {
        "hard": {
            "total": 3909.0000000001,
            "topk": {
                "1": 6.625735482220348,
                "2": 12.100281401892758,
                "3": 17.702737272959382,
                "4": 22.56331542593956,
                "5": 27.55180353031395,
                "6": 32.18214377078454,
                "7": 37.11946789460125,
                "8": 41.92888206702374,
                "9": 46.73829623944623,
                "10": 51.59887439242641
            },
            "mrr": 0.19699780273583622
        },
        "easy": {
            "total": 1e-10,
            "topk": {},
            "mrr": 0.0
        }
    }
}