{
    "all": {
        "hard": {
            "total": 3909.0000000001,
            "topk": {
                "1": 10.028140189306471,
                "2": 17.779483243795912,
                "3": 25.121514453823863,
                "4": 30.723970324890495,
                "5": 35.78920440010141,
                "6": 41.46840624200457,
                "7": 46.40573036582127,
                "8": 51.624456382705254,
                "9": 56.76643642875271,
                "10": 61.98516244563669
            },
            "mrr": 0.247730716540245
        },
        "easy": {
            "total": 1e-10,
            "topk": {},
            "mrr": 0.0
        }
    },
    "e1": {
        "hard": {
            "total": 3909.0000000001,
            "topk": {
                "1": 15.451522128421196,
                "2": 25.863392171910316,
                "3": 33.51240726528438,
                "4": 40.39396265029316,
                "5": 46.99411614223467,
                "6": 53.13379380915699,
                "7": 58.01995395241602,
                "8": 62.85495011511735,
                "9": 67.22947045279952,
                "10": 71.6807367613182
            },
            "mrr": 0.3145999657953111
        },
        "easy": {
            "total": 1e-10,
            "topk": {},
            "mrr": 0.0
        }
    },
    "e2": {
        "hard": {
            "total": 3909.0000000001,
            "topk": {
                "1": 5.1419800460474505,
                "2": 10.079304169864157,
                "3": 15.605014070094253,
                "4": 20.619084164747488,
                "5": 24.942440521871966,
                "6": 29.72627270401561,
                "7": 35.17523663340918,
                "8": 40.2404707086201,
                "9": 44.61499104630226,
                "10": 49.603479150676655
            },
            "mrr": 0.18078208832032475
        },
        "easy": {
            "total": 1e-10,
            "topk": {},
            "mrr": 0.0
        }
    }
}