{
    "all": {
        "hard": {
            "total": 3909.0000000001,
            "topk": {
                "1": 14.504988488104004,
                "2": 23.509849066256752,
                "3": 31.56817600409231,
                "4": 37.96367357380307,
                "5": 43.84753133793697,
                "6": 49.21974929649401,
                "7": 54.46405730365683,
                "8": 59.14556152468511,
                "9": 63.54566385264611,
                "10": 67.97134817088596
            },
            "mrr": 0.2984179705205937
        },
        "easy": {
            "total": 1e-10,
            "topk": {},
            "mrr": 0.0
        }
    },
    "e1": {
        "hard": {
            "total": 3909.0000000001,
            "topk": {
                "1": 24.788948580198905,
                "2": 35.814786390380256,
                "3": 44.61499104630226,
                "4": 51.675620363262944,
                "5": 56.58736249680081,
                "6": 61.3967766692233,
                "7": 65.4387311332805,
                "8": 68.99462778203967,
                "9": 72.78076234330845,
                "10": 75.95292913788498
            },
            "mrr": 0.401441829296534
        },
        "easy": {
            "total": 1e-10,
            "topk": {},
            "mrr": 0.0
        }
    },
    "e2": {
        "hard": {
            "total": 3909.0000000001,
            "topk": {
                "1": 7.751343054489442,
                "2": 14.55615246866169,
                "3": 21.181887950882036,
                "4": 27.014581734458247,
                "5": 32.25888974162107,
                "6": 37.145049884880095,
                "7": 42.2614479406487,
                "8": 48.119723714503756,
                "9": 52.570990023022446,
                "10": 56.97109235098344
            },
            "mrr": 0.21944284842558423
        },
        "easy": {
            "total": 1e-10,
            "topk": {},
            "mrr": 0.0
        }
    }
}