{
    "all": {
        "hard": {
            "total": 3909.0000000001,
            "topk": {
                "1": 14.070094653363672,
                "2": 23.535431056535597,
                "3": 31.41468406241925,
                "4": 38.91020721412026,
                "5": 44.998720900484905,
                "6": 49.705807111792026,
                "7": 54.46405730365683,
                "8": 59.17114351496395,
                "9": 62.85495011511735,
                "10": 66.66666666666497
            },
            "mrr": 0.2964670700554588
        },
        "easy": {
            "total": 1e-10,
            "topk": {},
            "mrr": 0.0
        }
    },
    "e1": {
        "hard": {
            "total": 3909.0000000001,
            "topk": {
                "1": 19.18649270913228,
                "2": 30.416986441544374,
                "3": 38.731133282168365,
                "4": 45.152212842157965,
                "5": 50.55001279099385,
                "6": 55.79432079815667,
                "7": 60.0920951650023,
                "8": 64.36428754156908,
                "9": 67.94576618060711,
                "10": 70.99002302378943
            },
            "mrr": 0.3492682156128106
        },
        "easy": {
            "total": 1e-10,
            "topk": {},
            "mrr": 0.0
        }
    },
    "e2": {
        "hard": {
            "total": 3909.0000000001,
            "topk": {
                "1": 7.879253005883656,
                "2": 14.658480429777063,
                "3": 20.926068048093608,
                "4": 26.70759785111213,
                "5": 32.31005372217876,
                "6": 37.835763622408855,
                "7": 42.389357892042916,
                "8": 47.019698132513504,
                "9": 51.59887439242641,
                "10": 55.717574827320135
            },
            "mrr": 0.2191257883808238
        },
        "easy": {
            "total": 1e-10,
            "topk": {},
            "mrr": 0.0
        }
    }
}