{
    "all": {
        "hard": {
            "total": 3909.0000000001,
            "topk": {
                "1": 10.283960092094901,
                "2": 18.44461499104583,
                "3": 24.302890764900887,
                "4": 30.416986441544374,
                "5": 35.89153236121678,
                "6": 40.88002046559118,
                "7": 46.25223842414822,
                "8": 50.831414684061116,
                "9": 55.69199283704129,
                "10": 60.39907904834841
            },
            "mrr": 0.24820244059181304
        },
        "easy": {
            "total": 1e-10,
            "topk": {},
            "mrr": 0.0
        }
    },
    "e1": {
        "hard": {
            "total": 3909.0000000001,
            "topk": {
                "1": 15.246866206190452,
                "2": 26.221540035814115,
                "3": 34.765924788947686,
                "4": 42.133537989254485,
                "5": 47.7871578408788,
                "6": 52.7244819646955,
                "7": 57.15016628293535,
                "8": 61.37119467894445,
                "9": 64.92709132770364,
                "10": 68.27833205423207
            },
            "mrr": 0.31411387158055676
        },
        "easy": {
            "total": 1e-10,
            "topk": {},
            "mrr": 0.0
        }
    },
    "e2": {
        "hard": {
            "total": 3909.0000000001,
            "topk": {
                "1": 7.23970324891258,
                "2": 13.353798925556065,
                "3": 18.67485290355542,
                "4": 23.17728319263179,
                "5": 27.756459452544696,
                "6": 32.97518546942867,
                "7": 37.938091583524226,
                "8": 42.05679201841795,
                "9": 47.377845996417314,
                "10": 52.084932207724435
            },
            "mrr": 0.204354345434284
        },
        "easy": {
            "total": 1e-10,
            "topk": {},
            "mrr": 0.0
        }
    }
}