{
    "all": {
        "hard": {
            "total": 3909.0000000001,
            "topk": {
                "1": 14.044512663084829,
                "2": 23.765668969045183,
                "3": 31.46584804297694,
                "4": 36.96597595292819,
                "5": 42.67075978511019,
                "6": 47.65924788948458,
                "7": 52.7244819646955,
                "8": 56.81760040931039,
                "9": 61.5758506011752,
                "10": 65.64338705551124
            },
            "mrr": 0.2933454860732339
        },
        "easy": {
            "total": 1e-10,
            "topk": {},
            "mrr": 0.0
        }
    },
    "e1": {
        "hard": {
            "total": 3909.0000000001,
            "topk": {
                "1": 20.874904067535923,
                "2": 33.20542338193827,
                "3": 41.67306216423531,
                "4": 48.119723714503756,
                "5": 54.05474545919534,
                "6": 59.45254540803122,
                "7": 63.724737784598005,
                "8": 67.48529035558794,
                "9": 71.37375287797208,
                "10": 74.36684574059672
            },
            "mrr": 0.3710641356478482
        },
        "easy": {
            "total": 1e-10,
            "topk": {},
            "mrr": 0.0
        }
    },
    "e2": {
        "hard": {
            "total": 3909.0000000001,
            "topk": {
                "1": 7.776925044768284,
                "2": 14.351496546430944,
                "3": 20.516756203632116,
                "4": 25.99130212330453,
                "5": 30.57047838321743,
                "6": 35.94269634177447,
                "7": 41.05909439754308,
                "8": 45.66385264773483,
                "9": 50.21744691736889,
                "10": 54.898951138397166
            },
            "mrr": 0.215413790835205
        },
        "easy": {
            "total": 1e-10,
            "topk": {},
            "mrr": 0.0
        }
    }
}