{
    "all": {
        "hard": {
            "total": 3909.0000000001,
            "topk": {
                "1": 6.497825530826132,
                "2": 12.304937324123502,
                "3": 17.60040931184401,
                "4": 22.48656945510303,
                "5": 28.728575083140733,
                "6": 34.177539012534304,
                "7": 39.39626502941828,
                "8": 44.76848298797532,
                "9": 50.089536965974666,
                "10": 54.387311332820296
            },
            "mrr": 0.20052383312785657
        },
        "easy": {
            "total": 1e-10,
            "topk": {},
            "mrr": 0.0
        }
    },
    "e1": {
        "hard": {
            "total": 3909.0000000001,
            "topk": {
                "1": 11.639805576873583,
                "2": 20.337682271680215,
                "3": 26.861089792785194,
                "4": 32.07981580966917,
                "5": 37.886927602966544,
                "6": 43.438219493475486,
                "7": 48.19646968534029,
                "8": 52.95471987720509,
                "9": 56.68969045791618,
                "10": 61.24328472755024
            },
            "mrr": 0.2627084933653846
        },
        "easy": {
            "total": 1e-10,
            "topk": {},
            "mrr": 0.0
        }
    },
    "e2": {
        "hard": {
            "total": 3909.0000000001,
            "topk": {
                "1": 5.448963929393567,
                "2": 10.590943975441018,
                "3": 15.477104118700039,
                "4": 20.772576106420548,
                "5": 25.53082629828535,
                "6": 31.030954208236604,
                "7": 35.763622409822574,
                "8": 40.2404707086201,
                "9": 44.51266308518689,
                "10": 49.52673317984013
            },
            "mrr": 0.18379857418598744
        },
        "easy": {
            "total": 1e-10,
            "topk": {},
            "mrr": 0.0
        }
    }
}